<?xml version="1.0" encoding="UTF-8"?>
<project-private xmlns="http://www.netbeans.org/ns/project-private/1">
    <editor-bookmarks xmlns="http://www.netbeans.org/ns/editor-bookmarks/2" lastBookmarkId="0"/>
    <open-files xmlns="http://www.netbeans.org/ns/projectui-open-files/2">
        <group>
            <file>file:/Users/josemurillo/Desktop/juegoBattleCity/src/Objetos/Movible.java</file>
            <file>file:/Users/josemurillo/Desktop/juegoBattleCity/src/Objetos/Inmovible.java</file>
            <file>file:/Users/josemurillo/Desktop/juegoBattleCity/src/Objetos/Objeto.java</file>
            <file>file:/Users/josemurillo/Desktop/juegoBattleCity/src/Objetos/Tanque.java</file>
            <file>file:/Users/josemurillo/Desktop/juegoBattleCity/src/Objetos/Jugador.java</file>
            <file>file:/Users/josemurillo/Desktop/juegoBattleCity/src/Controlador/Controlador.java</file>
        </group>
    </open-files>
</project-private>
